"Date","Price","Open","High","Low","Vol.","Change %"
"Jul 30, 2018","25,307.30","25,468.11","25,499.76","25,288.32","281.37M","-0.56%"
"Jul 27, 2018","25,451.06","25,520.52","25,580.22","25,370.07","329.68M","-0.30%"
"Jul 26, 2018","25,527.07","25,468.55","25,587.24","25,463.16","297.53M","0.44%"
"Jul 25, 2018","25,414.10","25,183.70","25,432.87","25,113.55","273.67M","0.68%"
"Jul 24, 2018","25,241.94","25,092.43","25,286.62","25,092.43","274.94M","0.79%"
"Jul 23, 2018","25,044.29","25,036.90","25,081.45","24,983.33","228.82M","-0.06%"
"Jul 20, 2018","25,058.12","25,041.14","25,124.10","24,986.35","274.08M","-0.03%"
"Jul 19, 2018","25,064.50","25,139.15","25,154.17","25,052.62","285.76M","-0.53%"
"Jul 18, 2018","25,199.29","25,133.79","25,215.32","25,101.12","252.87M","0.32%"
"Jul 17, 2018","25,119.89","25,033.92","25,155.39","24,989.61","250.44M","0.22%"
"Jul 16, 2018","25,064.36","25,025.58","25,072.41","24,979.64","231.27M","0.18%"
"Jul 13, 2018","25,019.41","24,926.07","25,043.21","24,890.06","255.52M","0.38%"
"Jul 12, 2018","24,924.89","24,802.90","24,939.97","24,802.90","233.16M","0.91%"
"Jul 11, 2018","24,700.45","24,789.48","24,815.16","24,663.82","237.37M","-0.88%"
"Jul 10, 2018","24,919.66","24,806.97","24,945.38","24,806.97","235.04M","0.58%"
"Jul 09, 2018","24,776.59","24,519.20","24,796.52","24,518.43","240.58M","1.31%"
"Jul 06, 2018","24,456.48","24,352.47","24,520.29","24,281.47","219.45M","0.41%"
"Jul 05, 2018","24,356.74","24,285.82","24,372.80","24,177.44","237.67M","0.75%"
"Jul 03, 2018","24,174.82","24,359.39","24,444.88","24,150.85","160.96M","-0.54%"
"Jul 02, 2018","24,307.18","24,161.53","24,319.42","24,077.56","244.11M","0.15%"
"Jun 29, 2018","24,271.41","24,323.93","24,509.52","24,269.71","329.07M","0.23%"
"Jun 28, 2018","24,216.05","24,064.19","24,308.16","23,997.21","305.02M","0.41%"
"Jun 27, 2018","24,117.59","24,303.11","24,569.02","24,115.82","313.79M","-0.68%"
"Jun 26, 2018","24,283.11","24,281.89","24,384.21","24,241.22","301.13M","0.12%"
"Jun 25, 2018","24,252.80","24,463.73","24,463.73","24,084.39","439.13M","-1.33%"
"Jun 22, 2018","24,580.89","24,526.97","24,663.18","24,526.97","473.96M","0.49%"
"Jun 21, 2018","24,461.70","24,639.21","24,639.21","24,406.63","349.57M","-0.80%"
"Jun 20, 2018","24,657.80","24,771.17","24,804.76","24,628.39","359.52M","-0.17%"
"Jun 19, 2018","24,700.21","24,763.59","24,763.59","24,567.75","376.38M","-1.15%"
"Jun 18, 2018","24,987.47","24,944.28","25,003.10","24,825.77","337.07M","-0.41%"
"Jun 15, 2018","25,090.48","25,116.71","25,130.82","24,894.38","659.37M","-0.34%"
"Jun 14, 2018","25,175.31","25,254.65","25,332.50","25,138.60","341.17M","-0.10%"
"Jun 13, 2018","25,201.20","25,328.65","25,362.07","25,191.42","329.70M","-0.47%"
"Jun 12, 2018","25,320.73","25,346.82","25,364.37","25,247.04","265.75M","-0.01%"
"Jun 11, 2018","25,322.31","25,336.67","25,402.83","25,290.20","276.74M","0.02%"
"Jun 08, 2018","25,316.53","25,209.29","25,325.63","25,165.70","317.51M","0.30%"
"Jun 07, 2018","25,241.41","25,192.14","25,326.09","25,164.48","357.68M","0.38%"
"Jun 06, 2018","25,146.39","24,854.14","25,146.46","24,854.14","316.09M","1.40%"
"Jun 05, 2018","24,799.98","24,820.12","24,838.78","24,710.82","306.34M","-0.06%"
"Jun 04, 2018","24,813.69","24,727.55","24,859.37","24,722.14","340.40M","0.72%"
"Jun 01, 2018","24,635.21","24,542.09","24,673.60","24,542.09","315.71M","0.90%"
"May 31, 2018","24,415.84","24,620.79","24,620.79","24,352.15","429.74M","-1.02%"
"May 30, 2018","24,667.78","24,467.83","24,714.48","24,459.09","324.87M","1.26%"
"May 29, 2018","24,361.45","24,606.59","24,635.18","24,247.84","395.81M","-1.58%"
"May 25, 2018","24,753.09","24,781.29","24,824.22","24,687.81","257.21M","-0.24%"
"May 24, 2018","24,811.76","24,877.36","24,877.36","24,605.90","347.05M","-0.30%"
"May 23, 2018","24,886.81","24,757.71","24,889.46","24,667.12","399.61M","0.21%"
"May 22, 2018","24,834.41","25,047.55","25,064.99","24,812.06","288.20M","-0.72%"
"May 21, 2018","25,013.29","24,883.06","25,086.49","24,883.06","308.92M","1.21%"
"May 18, 2018","24,715.09","24,707.72","24,774.97","24,664.87","269.70M","0.00%"
"May 17, 2018","24,713.98","24,752.40","24,839.49","24,639.40","314.65M","-0.22%"
"May 16, 2018","24,768.93","24,722.32","24,801.19","24,672.79","280.81M","0.25%"
"May 15, 2018","24,706.41","24,809.55","24,809.55","24,629.39","301.90M","-0.78%"
"May 14, 2018","24,899.41","24,879.37","24,994.19","24,862.52","282.86M","0.27%"
"May 11, 2018","24,831.17","24,758.64","24,868.65","24,717.50","274.15M","0.37%"
"May 10, 2018","24,739.53","24,591.66","24,794.99","24,575.91","304.21M","0.80%"
"May 09, 2018","24,542.54","24,399.18","24,586.48","24,323.87","361.58M","0.75%"
"May 08, 2018","24,360.21","24,341.35","24,412.34","24,198.34","344.94M","0.01%"
"May 07, 2018","24,357.32","24,317.66","24,479.45","24,263.42","307.67M","0.39%"
"May 04, 2018","24,262.51","23,865.22","24,333.35","23,778.87","329.48M","1.39%"
"May 03, 2018","23,930.15","23,836.23","23,996.15","23,531.31","389.24M","0.02%"
"May 02, 2018","23,924.98","24,097.63","24,185.52","23,886.30","385.35M","-0.72%"
"May 01, 2018","24,099.05","24,117.29","24,117.29","23,808.19","380.07M","-0.27%"
"Apr 30, 2018","24,163.15","24,410.41","24,498.23","24,163.08","416.65M","-0.61%"
"Apr 27, 2018","24,311.19","24,342.14","24,359.38","24,194.45","392.81M","-0.05%"
"Apr 26, 2018","24,322.34","24,128.72","24,402.46","24,128.72","390.36M","0.99%"
"Apr 25, 2018","24,083.83","24,070.20","24,146.34","23,823.08","437.10M","0.25%"
"Apr 24, 2018","24,024.13","24,579.94","24,579.94","23,828.73","468.18M","-1.74%"
"Apr 23, 2018","24,448.69","24,488.07","24,536.89","24,328.54","351.04M","-0.06%"
"Apr 20, 2018","24,462.94","24,657.39","24,678.07","24,375.04","537.77M","-0.82%"
"Apr 19, 2018","24,664.89","24,711.30","24,762.48","24,557.03","381.12M","-0.34%"
"Apr 18, 2018","24,748.07","24,820.85","24,832.54","24,721.09","302.03M","-0.16%"
"Apr 17, 2018","24,786.63","24,681.79","24,858.97","24,681.79","342.41M","0.87%"
"Apr 16, 2018","24,573.04","24,483.15","24,675.36","24,480.20","305.07M","0.87%"
"Apr 13, 2018","24,360.14","24,582.82","24,646.45","24,243.74","331.89M","-0.50%"
"Apr 12, 2018","24,483.05","24,302.82","24,592.12","24,302.82","336.13M","1.21%"
"Apr 11, 2018","24,189.45","24,274.19","24,366.57","24,150.87","286.36M","-0.90%"
"Apr 10, 2018","24,408.00","24,198.95","24,511.35","24,198.95","368.59M","1.79%"
"Apr 09, 2018","23,979.10","24,037.52","24,373.18","23,954.83","380.79M","0.19%"
"Apr 06, 2018","23,932.76","24,373.60","24,434.40","23,738.20","395.98M","-2.34%"
"Apr 05, 2018","24,505.22","24,313.91","24,622.26","24,313.91","347.79M","0.99%"
"Apr 04, 2018","24,264.30","23,654.15","24,308.96","23,523.16","388.54M","0.96%"
"Apr 03, 2018","24,033.36","23,698.33","24,044.35","23,664.33","394.13M","1.65%"
"Apr 02, 2018","23,644.19","24,076.60","24,123.80","23,344.52","509.82M","-1.90%"
"Mar 29, 2018","24,103.11","23,949.18","24,314.30","23,928.13","463.55M","1.07%"
"Mar 28, 2018","23,848.42","23,883.08","24,092.47","23,728.67","530.04M","-0.04%"
"Mar 27, 2018","23,857.71","24,276.62","24,446.22","23,708.73","524.48M","-1.43%"
"Mar 26, 2018","24,202.60","23,825.74","24,232.30","23,741.22","479.54M","2.84%"
"Mar 23, 2018","23,533.20","23,995.18","24,108.47","23,509.06","482.55M","-1.77%"
"Mar 22, 2018","23,957.89","24,526.01","24,526.01","23,938.74","439.28M","-2.93%"
"Mar 21, 2018","24,682.31","24,723.49","24,977.65","24,655.40","343.23M","-0.18%"
"Mar 20, 2018","24,727.27","24,650.64","24,803.61","24,650.64","342.51M","0.47%"
"Mar 19, 2018","24,610.91","24,893.69","24,893.69","24,453.14","377.99M","-1.35%"
"Mar 16, 2018","24,946.51","24,877.34","25,031.00","24,857.09","654.24M","0.29%"
"Mar 15, 2018","24,873.66","24,837.29","25,053.87","24,753.29","316.31M","0.47%"
"Mar 14, 2018","24,758.12","25,086.97","25,130.12","24,668.83","356.83M","-1.00%"
"Mar 13, 2018","25,007.03","25,257.75","25,376.40","24,947.50","447.88M","-0.68%"
"Mar 12, 2018","25,178.61","25,372.44","25,449.15","25,152.02","362.58M","-0.62%"
"Mar 09, 2018","25,335.74","25,004.89","25,336.33","25,004.89","371.57M","1.77%"
"Mar 08, 2018","24,895.21","24,853.41","24,950.49","24,703.05","327.30M","0.38%"
"Mar 07, 2018","24,801.36","24,758.15","24,849.68","24,535.12","394.07M","-0.33%"
"Mar 06, 2018","24,884.12","24,965.89","24,995.24","24,708.41","331.77M","0.04%"
"Mar 05, 2018","24,874.76","24,471.31","24,961.00","24,387.15","383.91M","1.37%"
"Mar 02, 2018","24,538.06","24,394.91","24,592.46","24,217.76","437.13M","-0.29%"
"Mar 01, 2018","24,608.98","25,024.04","25,185.35","24,442.56","506.28M","-1.68%"
"Feb 28, 2018","25,029.20","25,485.15","25,576.15","25,022.42","451.87M","-1.50%"
"Feb 27, 2018","25,410.03","25,735.78","25,800.35","25,407.83","438.39M","-1.16%"
"Feb 26, 2018","25,709.27","25,403.35","25,732.80","25,398.56","473.36M","1.58%"
"Feb 23, 2018","25,309.99","25,050.51","25,313.91","25,028.73","335.42M","1.39%"
"Feb 22, 2018","24,962.48","24,855.41","25,156.72","24,854.83","378.90M","0.66%"
"Feb 21, 2018","24,797.78","24,988.06","25,267.99","24,792.99","456.06M","-0.67%"
"Feb 20, 2018","24,964.75","25,124.91","25,179.01","24,884.19","421.51M","-1.01%"
"Feb 16, 2018","25,219.38","25,165.94","25,432.42","25,149.26","406.73M","0.08%"
"Feb 15, 2018","25,200.37","25,047.82","25,203.95","24,809.42","416.78M","1.23%"
"Feb 14, 2018","24,893.49","24,535.82","24,925.95","24,490.36","431.16M","1.03%"
"Feb 13, 2018","24,640.45","24,540.33","24,705.72","24,421.03","374.41M","0.16%"
"Feb 12, 2018","24,601.27","24,337.76","24,765.16","24,290.48","496.61M","1.70%"
"Feb 09, 2018","24,190.90","23,992.67","24,382.14","23,360.29","735.03M","1.38%"
"Feb 08, 2018","23,860.46","24,902.30","24,903.68","23,849.23","657.50M","-4.15%"
"Feb 07, 2018","24,893.35","24,892.87","25,293.96","24,785.44","504.62M","-0.08%"
"Feb 06, 2018","24,912.77","24,085.17","24,946.23","23,778.74","823.94M","2.33%"
"Feb 05, 2018","24,345.75","25,337.87","25,520.53","23,923.88","714.45M","-4.60%"
"Feb 02, 2018","25,520.96","26,061.79","26,061.79","25,490.66","522.88M","-2.54%"
"Feb 01, 2018","26,186.71","26,083.04","26,306.70","26,014.44","410.62M","0.14%"
"Jan 31, 2018","26,149.39","26,268.17","26,338.03","26,050.98","479.13M","0.28%"
"Jan 30, 2018","26,076.89","26,198.45","26,256.99","26,028.42","448.33M","-1.37%"
"Jan 29, 2018","26,439.48","26,584.28","26,608.90","26,435.34","421.00M","-0.67%"
"Jan 26, 2018","26,616.71","26,466.74","26,616.71","26,425.35","477.78M","0.85%"
"Jan 25, 2018","26,392.79","26,313.06","26,458.25","26,259.72","401.39M","0.54%"
"Jan 24, 2018","26,252.12","26,282.07","26,392.80","26,106.94","518.79M","0.16%"
"Jan 23, 2018","26,210.81","26,214.87","26,246.19","26,143.90","433.49M","-0.01%"
"Jan 22, 2018","26,214.60","26,025.32","26,215.23","25,974.65","431.20M","0.55%"
"Jan 19, 2018","26,071.72","25,987.35","26,071.72","25,942.83","585.00M","0.21%"
"Jan 18, 2018","26,017.81","26,149.55","26,153.42","25,947.32","492.78M","-0.37%"
"Jan 17, 2018","26,115.65","25,910.78","26,130.45","25,865.02","522.72M","1.25%"
"Jan 16, 2018","25,792.86","25,987.62","26,086.12","25,702.99","606.52M","-0.04%"
"Jan 12, 2018","25,803.19","25,638.39","25,810.43","25,633.08","376.40M","0.89%"
"Jan 11, 2018","25,574.73","25,398.60","25,575.42","25,396.19","346.83M","0.81%"
"Jan 10, 2018","25,369.13","25,348.13","25,404.92","25,256.99","341.47M","-0.07%"
"Jan 09, 2018","25,385.80","25,312.05","25,439.78","25,308.41","333.49M","0.41%"
"Jan 08, 2018","25,283.00","25,308.40","25,311.99","25,235.41","341.39M","-0.05%"
"Jan 05, 2018","25,295.87","25,114.92","25,299.79","25,112.01","358.02M","0.88%"
"Jan 04, 2018","25,075.13","24,964.86","25,105.96","24,963.27","403.28M","0.61%"
"Jan 03, 2018","24,922.68","24,850.45","24,941.92","24,825.55","456.79M","0.40%"
"Jan 02, 2018","24,824.01","24,809.35","24,864.19","24,741.70","341.13M","0.42%"
"Dec 29, 2017","24,719.22","24,849.63","24,871.66","24,719.22","270.76M","-0.48%"
"Dec 28, 2017","24,837.51","24,807.21","24,839.23","24,797.13","200.96M","0.26%"
"Dec 27, 2017","24,774.30","24,766.52","24,789.52","24,731.68","225.89M","0.11%"
"Dec 26, 2017","24,746.21","24,715.84","24,778.13","24,708.42","208.29M","-0.03%"
"Dec 22, 2017","24,754.06","24,764.04","24,784.15","24,717.51","255.14M","-0.11%"
"Dec 21, 2017","24,782.29","24,778.26","24,850.91","24,766.27","339.53M","0.23%"
"Dec 20, 2017","24,726.65","24,838.09","24,852.44","24,697.11","341.79M","-0.11%"
"Dec 19, 2017","24,754.75","24,834.38","24,850.11","24,715.60","335.33M","-0.15%"
"Dec 18, 2017","24,792.20","24,739.56","24,876.07","24,739.56","354.88M","0.57%"
"Dec 15, 2017","24,651.74","24,585.71","24,688.62","24,584.44","635.74M","0.58%"
"Dec 14, 2017","24,508.66","24,631.01","24,672.48","24,508.66","314.78M","-0.31%"
"Dec 13, 2017","24,585.43","24,525.19","24,666.02","24,518.30","325.28M","0.33%"
"Dec 12, 2017","24,504.80","24,452.96","24,552.97","24,443.83","342.22M","0.49%"
"Dec 11, 2017","24,386.03","24,338.11","24,389.72","24,314.74","300.58M","0.23%"
"Dec 08, 2017","24,329.16","24,263.26","24,330.12","24,225.50","293.59M","0.49%"
"Dec 07, 2017","24,211.48","24,116.60","24,262.88","24,101.24","319.06M","0.29%"
"Dec 06, 2017","24,140.91","24,171.90","24,229.35","24,134.49","312.72M","-0.16%"
"Dec 05, 2017","24,180.64","24,335.01","24,349.74","24,155.28","371.19M","-0.45%"
"Dec 04, 2017","24,290.05","24,424.11","24,534.04","24,288.19","424.25M","0.24%"
"Dec 01, 2017","24,231.59","24,305.40","24,322.06","23,921.90","417.91M","-0.17%"
"Nov 30, 2017","24,272.35","24,013.80","24,327.82","24,013.80","488.20M","1.39%"
"Nov 29, 2017","23,940.68","23,883.26","23,959.76","23,872.59","401.41M","0.44%"
"Nov 28, 2017","23,836.71","23,625.19","23,849.61","23,617.11","319.24M","1.09%"
"Nov 27, 2017","23,580.78","23,552.86","23,638.92","23,545.02","296.32M","0.10%"
"Nov 24, 2017","23,557.99","23,552.75","23,599.18","23,551.59","118.61M","0.14%"
"Nov 22, 2017","23,526.18","23,597.24","23,605.77","23,507.61","268.76M","-0.27%"
"Nov 21, 2017","23,590.83","23,500.15","23,617.80","23,500.15","329.65M","0.69%"
"Nov 20, 2017","23,430.33","23,370.71","23,456.88","23,360.58","315.33M","0.31%"
"Nov 17, 2017","23,358.24","23,433.77","23,433.77","23,356.01","386.00M","-0.43%"
"Nov 16, 2017","23,458.36","23,365.34","23,492.19","23,365.34","402.02M","0.80%"
"Nov 15, 2017","23,271.28","23,334.59","23,344.99","23,242.75","404.30M","-0.59%"
"Nov 14, 2017","23,409.47","23,388.40","23,414.08","23,271.57","561.33M","-0.13%"
"Nov 13, 2017","23,439.70","23,367.47","23,461.68","23,343.34","491.26M","0.07%"
"Nov 10, 2017","23,422.21","23,432.71","23,452.20","23,392.96","351.28M","-0.17%"
"Nov 09, 2017","23,461.94","23,492.09","23,516.74","23,310.02","305.44M","-0.43%"
"Nov 08, 2017","23,563.36","23,542.60","23,575.00","23,510.56","264.67M","0.03%"
"Nov 07, 2017","23,557.23","23,574.03","23,602.12","23,484.19","285.08M","0.04%"
"Nov 06, 2017","23,548.42","23,533.96","23,574.86","23,520.75","325.18M","0.04%"
"Nov 03, 2017","23,539.19","23,549.59","23,557.06","23,481.57","312.26M","0.10%"
"Nov 02, 2017","23,516.26","23,463.24","23,531.38","23,350.98","348.04M","0.35%"
"Nov 01, 2017","23,435.01","23,442.90","23,517.71","23,388.91","361.26M","0.25%"
"Oct 31, 2017","23,377.24","23,369.22","23,406.35","23,334.39","388.05M","0.12%"
"Oct 30, 2017","23,348.74","23,405.75","23,428.75","23,327.87","436.90M","-0.36%"
"Oct 27, 2017","23,434.19","23,419.16","23,449.40","23,353.16","518.87M","0.14%"
"Oct 26, 2017","23,400.86","23,380.89","23,459.84","23,380.89","370.60M","0.31%"
"Oct 25, 2017","23,329.46","23,431.09","23,451.51","23,251.11","399.56M","-0.48%"
"Oct 24, 2017","23,441.76","23,346.78","23,485.25","23,343.23","406.85M","0.72%"
"Oct 23, 2017","23,273.96","23,348.95","23,368.37","23,273.96","456.83M","-0.23%"
"Oct 20, 2017","23,328.63","23,205.18","23,328.84","23,201.78","474.38M","0.71%"
"Oct 19, 2017","23,163.04","23,107.47","23,167.24","23,052.67","350.40M","0.02%"
"Oct 18, 2017","23,157.60","23,087.13","23,172.93","23,086.75","271.87M","0.70%"
"Oct 17, 2017","22,997.44","22,952.41","23,002.20","22,948.23","273.09M","0.18%"
"Oct 16, 2017","22,956.96","22,892.92","22,960.12","22,887.12","247.18M","0.37%"
"Oct 13, 2017","22,871.72","22,876.43","22,905.33","22,855.93","259.56M","0.13%"
"Oct 12, 2017","22,841.01","22,854.85","22,884.82","22,821.13","291.79M","-0.14%"
"Oct 11, 2017","22,872.89","22,827.65","22,872.89","22,821.66","316.00M","0.18%"
"Oct 10, 2017","22,830.68","22,784.76","22,850.51","22,770.99","319.27M","0.31%"
"Oct 09, 2017","22,761.07","22,779.73","22,803.37","22,739.38","310.77M","-0.06%"
"Oct 06, 2017","22,773.67","22,762.03","22,773.67","22,730.85","221.45M","-0.01%"
"Oct 05, 2017","22,775.39","22,669.08","22,777.04","22,655.14","246.40M","0.50%"
"Oct 04, 2017","22,661.64","22,645.67","22,685.94","22,632.80","235.73M","0.09%"
"Oct 03, 2017","22,641.67","22,564.45","22,646.32","22,562.90","238.83M","0.37%"
"Oct 02, 2017","22,557.60","22,423.47","22,559.38","22,416.00","268.53M","0.68%"
"Sep 29, 2017","22,405.09","22,358.47","22,405.63","22,332.96","274.79M","0.11%"
"Sep 28, 2017","22,381.20","22,306.83","22,394.74","22,288.97","263.02M","0.18%"
"Sep 27, 2017","22,340.71","22,330.93","22,371.10","22,254.93","342.90M","0.25%"
"Sep 26, 2017","22,284.32","22,322.03","22,369.35","22,279.52","285.99M","-0.05%"
"Sep 25, 2017","22,296.09","22,320.47","22,359.88","22,219.11","332.44M","-0.24%"
"Sep 22, 2017","22,349.59","22,334.07","22,364.31","22,299.58","297.14M","-0.04%"
"Sep 21, 2017","22,359.23","22,414.02","22,419.51","22,356.55","287.39M","-0.24%"
"Sep 20, 2017","22,412.59","22,351.38","22,413.26","22,314.68","334.56M","0.19%"
"Sep 19, 2017","22,370.80","22,349.70","22,386.01","22,340.71","295.57M","0.18%"
"Sep 18, 2017","22,331.35","22,297.92","22,355.62","22,283.35","302.74M","0.28%"
"Sep 15, 2017","22,268.34","22,252.44","22,275.02","22,214.52","527.54M","0.29%"
"Sep 14, 2017","22,203.48","22,144.96","22,216.44","22,135.26","297.78M","0.20%"
"Sep 13, 2017","22,158.18","22,103.47","22,158.18","22,095.79","291.89M","0.18%"
"Sep 12, 2017","22,118.86","22,090.56","22,134.57","22,087.09","364.58M","0.28%"
"Sep 11, 2017","22,057.37","21,927.79","22,067.10","21,927.79","312.77M","1.19%"
"Sep 08, 2017","21,797.79","21,764.43","21,846.63","21,731.12","289.40M","0.06%"
"Sep 07, 2017","21,784.78","21,820.38","21,850.01","21,745.71","333.81M","-0.10%"
"Sep 06, 2017","21,807.64","21,815.76","21,849.24","21,794.07","318.76M","0.25%"
"Sep 05, 2017","21,753.31","21,912.37","21,921.09","21,709.63","332.84M","-1.07%"
"Sep 01, 2017","21,987.56","21,981.77","22,038.97","21,974.91","256.24M","0.18%"
"Aug 31, 2017","21,948.10","21,936.01","21,985.76","21,910.50","376.79M","0.25%"
"Aug 30, 2017","21,892.43","21,859.76","21,914.26","21,839.47","242.84M","0.12%"
"Aug 29, 2017","21,865.37","21,718.00","21,879.22","21,673.58","227.34M","0.26%"
"Aug 28, 2017","21,808.40","21,832.50","21,861.49","21,767.94","218.74M","-0.02%"
"Aug 25, 2017","21,813.67","21,819.08","21,906.86","21,812.81","217.56M","0.14%"
"Aug 24, 2017","21,783.40","21,839.90","21,870.11","21,765.82","228.48M","-0.13%"
"Aug 23, 2017","21,812.09","21,850.27","21,866.66","21,808.39","234.81M","-0.40%"
"Aug 22, 2017","21,899.89","21,739.78","21,912.83","21,738.13","244.98M","0.90%"
"Aug 21, 2017","21,703.75","21,671.36","21,718.74","21,600.34","277.88M","0.13%"
"Aug 18, 2017","21,674.51","21,724.88","21,793.35","21,641.63","309.07M","-0.35%"
"Aug 17, 2017","21,750.73","21,984.74","21,984.74","21,750.32","311.03M","-1.24%"
"Aug 16, 2017","22,024.87","22,031.93","22,085.71","22,002.47","264.92M","0.12%"
"Aug 15, 2017","21,998.99","22,029.91","22,038.92","21,971.48","269.07M","0.02%"
"Aug 14, 2017","21,993.71","21,945.64","22,019.23","21,945.64","235.03M","0.62%"
"Aug 11, 2017","21,858.32","21,883.32","21,911.09","21,842.74","237.80M","0.07%"
"Aug 10, 2017","21,844.01","21,988.20","21,988.20","21,843.94","303.31M","-0.93%"
"Aug 09, 2017","22,048.70","22,022.34","22,057.19","21,996.69","277.80M","-0.17%"
"Aug 08, 2017","22,085.34","22,095.14","22,179.11","22,057.29","262.00M","-0.15%"
"Aug 07, 2017","22,118.42","22,100.20","22,121.15","22,081.97","213.01M","0.12%"
"Aug 04, 2017","22,092.81","22,058.39","22,092.81","22,024.64","253.64M","0.30%"
"Aug 03, 2017","22,026.10","22,007.58","22,044.85","21,991.32","278.73M","0.04%"
"Aug 02, 2017","22,016.24","22,004.36","22,036.10","21,967.46","336.82M","0.24%"
"Aug 01, 2017","21,963.92","21,961.42","21,990.96","21,940.81","328.41M","0.33%"
"Jul 31, 2017","21,891.12","21,863.39","21,929.80","21,861.71","307.61M","0.28%"
"Jul 28, 2017","21,830.31","21,787.51","21,841.18","21,756.12","285.64M","0.15%"
"Jul 27, 2017","21,796.55","21,717.42","21,798.47","21,687.85","407.32M","0.39%"
"Jul 26, 2017","21,711.01","21,690.38","21,742.70","21,683.29","278.24M","0.45%"
"Jul 25, 2017","21,613.43","21,638.56","21,670.62","21,577.37","304.30M","0.47%"
"Jul 24, 2017","21,513.17","21,577.78","21,577.78","21,496.13","284.08M","-0.31%"
"Jul 21, 2017","21,580.07","21,591.72","21,592.61","21,503.78","362.83M","-0.15%"
"Jul 20, 2017","21,611.78","21,641.54","21,661.91","21,576.96","313.95M","-0.13%"
"Jul 19, 2017","21,640.75","21,569.25","21,640.75","21,565.84","253.04M","0.31%"
"Jul 18, 2017","21,574.73","21,589.94","21,589.94","21,471.14","251.11M","-0.25%"
"Jul 17, 2017","21,629.72","21,633.97","21,661.81","21,617.66","244.78M","-0.04%"
"Jul 14, 2017","21,637.74","21,532.77","21,681.53","21,521.72","235.59M","0.39%"
"Jul 13, 2017","21,553.09","21,537.19","21,568.72","21,512.36","232.27M","0.10%"
"Jul 12, 2017","21,532.14","21,467.93","21,580.79","21,467.93","267.87M","0.57%"
"Jul 11, 2017","21,409.07","21,410.17","21,441.62","21,279.30","247.57M","0.00%"
"Jul 10, 2017","21,408.52","21,381.23","21,446.39","21,371.11","270.34M","-0.03%"
"Jul 07, 2017","21,414.34","21,354.66","21,425.82","21,350.72","242.24M","0.44%"
"Jul 06, 2017","21,320.04","21,423.93","21,433.10","21,305.38","320.45M","-0.74%"
"Jul 05, 2017","21,478.17","21,492.83","21,505.36","21,404.76","273.69M","-0.01%"
"Jul 03, 2017","21,479.27","21,392.30","21,562.75","21,391.71","186.81M","0.61%"
"Jun 30, 2017","21,349.63","21,348.60","21,426.12","21,325.08","313.26M","0.29%"
"Jun 29, 2017","21,287.03","21,487.38","21,487.38","21,197.08","336.75M","-0.78%"
"Jun 28, 2017","21,454.61","21,372.36","21,478.75","21,372.36","271.51M","0.68%"
"Jun 27, 2017","21,310.66","21,411.19","21,440.60","21,310.66","292.17M","-0.46%"
"Jun 26, 2017","21,409.55","21,434.68","21,506.21","21,381.25","241.88M","0.07%"
"Jun 23, 2017","21,394.76","21,380.92","21,421.79","21,333.89","368.40M","-0.01%"
"Jun 22, 2017","21,397.29","21,407.98","21,456.47","21,394.81","270.68M","-0.06%"
"Jun 21, 2017","21,410.03","21,466.39","21,492.62","21,390.00","292.50M","-0.27%"
"Jun 20, 2017","21,467.14","21,521.25","21,535.03","21,464.24","310.20M","-0.29%"
"Jun 19, 2017","21,528.99","21,444.75","21,528.99","21,436.08","289.40M","0.68%"
"Jun 16, 2017","21,384.28","21,335.93","21,384.42","21,308.01","603.26M","0.11%"
"Jun 15, 2017","21,359.90","21,291.69","21,367.28","21,261.87","317.20M","-0.07%"
"Jun 14, 2017","21,374.56","21,342.71","21,391.97","21,294.09","295.09M","0.22%"
"Jun 13, 2017","21,328.47","21,256.83","21,332.77","21,256.83","323.51M","0.44%"
"Jun 12, 2017","21,235.67","21,259.95","21,277.08","21,186.15","528.08M","-0.17%"
"Jun 09, 2017","21,271.97","21,208.96","21,305.35","21,159.45","397.20M","0.42%"
"Jun 08, 2017","21,182.53","21,169.76","21,265.69","21,138.16","330.33M","0.04%"
"Jun 07, 2017","21,173.69","21,171.57","21,189.84","21,113.31","273.40M","0.18%"
"Jun 06, 2017","21,136.23","21,145.48","21,180.47","21,118.46","283.55M","-0.23%"
"Jun 05, 2017","21,184.04","21,195.03","21,224.41","21,168.69","269.80M","-0.10%"
"Jun 02, 2017","21,206.29","21,142.09","21,225.04","21,129.56","329.70M","0.29%"
"Jun 01, 2017","21,144.18","21,030.55","21,144.18","20,994.22","276.74M","0.65%"
"May 31, 2017","21,008.65","21,048.46","21,051.70","20,942.57","371.58M","-0.10%"
"May 30, 2017","21,029.47","21,045.49","21,063.62","21,009.60","242.81M","-0.24%"
"May 26, 2017","21,080.28","21,070.15","21,092.82","21,050.49","208.00M","-0.01%"
"May 25, 2017","21,082.95","21,062.96","21,112.32","21,051.41","268.97M","0.34%"
"May 24, 2017","21,012.42","20,949.21","21,022.82","20,933.58","283.18M","0.36%"
"May 23, 2017","20,937.91","20,908.67","20,961.14","20,896.22","244.95M","0.21%"
"May 22, 2017","20,894.83","20,867.77","20,914.26","20,860.16","276.12M","0.43%"
"May 19, 2017","20,804.84","20,698.28","20,857.13","20,687.94","365.18M","0.69%"
"May 18, 2017","20,663.02","20,579.65","20,759.20","20,553.45","422.59M","0.27%"
"May 17, 2017","20,606.93","20,846.17","20,846.17","20,601.08","423.20M","-1.78%"
"May 16, 2017","20,979.75","20,984.48","21,033.53","20,932.88","311.58M","-0.01%"
"May 15, 2017","20,981.94","20,923.63","21,000.83","20,923.63","313.17M","0.41%"
"May 12, 2017","20,896.61","20,893.19","20,916.10","20,869.74","288.50M","-0.11%"
"May 11, 2017","20,919.42","20,925.72","20,933.36","20,798.90","287.68M","-0.11%"
"May 10, 2017","20,943.11","20,958.49","20,976.28","20,884.15","283.34M","-0.16%"
"May 09, 2017","20,975.78","21,022.28","21,046.85","20,938.04","273.00M","-0.17%"
"May 08, 2017","21,012.28","20,991.26","21,017.89","20,971.05","276.15M","0.03%"
"May 05, 2017","21,006.94","20,929.04","21,006.94","20,905.00","260.96M","0.26%"
"May 04, 2017","20,951.47","20,987.83","20,990.79","20,847.95","274.72M","-0.03%"
"May 03, 2017","20,957.90","20,915.00","20,972.74","20,874.18","310.92M","0.04%"
"May 02, 2017","20,949.89","20,941.19","20,960.92","20,904.06","338.81M","0.17%"
"May 01, 2017","20,913.46","20,962.73","20,976.62","20,898.38","288.16M","-0.13%"
"Apr 28, 2017","20,940.51","20,987.39","20,987.76","20,926.75","329.99M","-0.19%"
"Apr 27, 2017","20,981.33","20,991.12","21,005.80","20,935.80","305.69M","0.03%"
"Apr 26, 2017","20,975.09","21,009.95","21,070.90","20,972.27","328.55M","-0.10%"
"Apr 25, 2017","20,996.12","20,915.51","21,026.97","20,909.38","348.18M","1.12%"
"Apr 24, 2017","20,763.89","20,723.59","20,792.20","20,723.59","342.40M","1.05%"
"Apr 21, 2017","20,547.76","20,578.10","20,601.40","20,505.33","369.60M","-0.15%"
"Apr 20, 2017","20,578.71","20,406.68","20,629.78","20,406.68","312.44M","0.85%"
"Apr 19, 2017","20,404.49","20,503.52","20,546.69","20,379.55","294.79M","-0.58%"
"Apr 18, 2017","20,523.28","20,561.39","20,600.12","20,462.28","263.18M","-0.55%"
"Apr 17, 2017","20,636.92","20,484.75","20,644.41","20,484.75","229.24M","0.90%"
"Apr 13, 2017","20,453.25","20,561.69","20,612.27","20,453.25","235.81M","-0.67%"
"Apr 12, 2017","20,591.86","20,637.95","20,642.54","20,553.03","267.67M","-0.29%"
"Apr 11, 2017","20,651.30","20,644.32","20,660.03","20,512.56","255.12M","-0.03%"
"Apr 10, 2017","20,658.02","20,668.22","20,750.33","20,614.86","230.48M","0.01%"
"Apr 07, 2017","20,656.10","20,647.81","20,726.07","20,606.95","219.73M","-0.03%"
"Apr 06, 2017","20,662.95","20,653.77","20,746.46","20,612.17","251.72M","0.07%"
"Apr 05, 2017","20,648.15","20,745.06","20,887.50","20,639.55","284.98M","-0.20%"
"Apr 04, 2017","20,689.24","20,634.94","20,701.29","20,605.30","237.39M","0.19%"
"Apr 03, 2017","20,650.21","20,665.17","20,692.34","20,517.82","285.68M","-0.06%"
"Mar 31, 2017","20,663.22","20,700.34","20,722.59","20,660.68","303.77M","-0.31%"
"Mar 30, 2017","20,728.49","20,662.79","20,753.78","20,643.60","270.90M","0.33%"
"Mar 29, 2017","20,659.32","20,675.75","20,684.73","20,625.03","238.32M","-0.20%"
"Mar 28, 2017","20,701.50","20,542.14","20,735.61","20,520.10","299.67M","0.73%"
"Mar 27, 2017","20,550.98","20,488.35","20,578.46","20,412.80","269.38M","-0.22%"
"Mar 24, 2017","20,596.72","20,674.45","20,718.33","20,529.67","292.98M","-0.29%"
"Mar 23, 2017","20,656.58","20,645.07","20,757.89","20,618.62","280.05M","-0.02%"
"Mar 22, 2017","20,661.30","20,640.42","20,686.21","20,578.95","325.09M","-0.03%"
"Mar 21, 2017","20,668.01","20,956.33","20,970.04","20,653.26","369.32M","-1.14%"
"Mar 20, 2017","20,905.86","20,916.27","20,955.45","20,885.70","253.61M","-0.04%"
"Mar 17, 2017","20,914.62","20,965.37","20,980.51","20,911.07","535.28M","-0.10%"
"Mar 16, 2017","20,934.55","20,969.27","21,000.11","20,893.50","264.36M","-0.07%"
"Mar 15, 2017","20,950.10","20,874.78","20,977.47","20,859.60","306.59M","0.54%"
"Mar 14, 2017","20,837.37","20,848.60","20,874.00","20,786.31","246.82M","-0.21%"
"Mar 13, 2017","20,881.48","20,899.28","20,926.06","20,845.71","289.26M","-0.10%"
"Mar 10, 2017","20,902.98","20,919.01","20,940.29","20,827.66","315.43M","0.21%"
"Mar 09, 2017","20,858.19","20,864.32","20,900.57","20,777.16","275.96M","0.01%"
"Mar 08, 2017","20,855.73","20,940.44","20,951.44","20,835.58","296.78M","-0.33%"
"Mar 07, 2017","20,924.76","20,934.89","20,970.54","20,901.26","274.63M","-0.14%"
"Mar 06, 2017","20,954.34","20,955.71","20,986.43","20,912.11","266.62M","-0.24%"
"Mar 03, 2017","21,005.71","21,008.75","21,039.96","20,953.86","254.42M","0.01%"
"Mar 02, 2017","21,002.97","21,128.91","21,129.20","20,996.61","319.91M","-0.53%"
"Mar 01, 2017","21,115.55","20,957.29","21,169.11","20,957.29","392.82M","1.46%"
"Feb 28, 2017","20,812.24","20,833.88","20,841.24","20,781.21","339.21M","-0.12%"
"Feb 27, 2017","20,837.44","20,808.71","20,851.33","20,774.76","256.54M","0.08%"
"Feb 24, 2017","20,821.76","20,751.91","20,821.76","20,733.95","292.54M","0.05%"
"Feb 23, 2017","20,810.32","20,817.21","20,840.70","20,746.41","302.11M","0.17%"
"Feb 22, 2017","20,775.60","20,715.41","20,781.59","20,692.39","310.53M","0.16%"
"Feb 21, 2017","20,743.00","20,663.43","20,757.64","20,663.37","336.88M","0.58%"
"Feb 17, 2017","20,624.05","20,564.13","20,624.05","20,532.61","340.62M","0.02%"
"Feb 16, 2017","20,619.77","20,627.31","20,639.87","20,556.83","354.12M","0.04%"
"Feb 15, 2017","20,611.86","20,504.27","20,620.45","20,496.03","384.38M","0.52%"
"Feb 14, 2017","20,504.41","20,374.22","20,504.41","20,374.02","356.58M","0.45%"
"Feb 13, 2017","20,412.16","20,338.54","20,441.48","20,322.95","314.62M","0.70%"
"Feb 10, 2017","20,269.37","20,211.23","20,298.21","20,204.76","312.23M","0.48%"
"Feb 09, 2017","20,172.40","20,061.73","20,206.36","20,061.73","325.31M","0.59%"
"Feb 08, 2017","20,054.34","20,049.29","20,068.28","20,015.33","280.41M","-0.18%"
"Feb 07, 2017","20,090.29","20,107.62","20,155.35","20,068.68","279.67M","0.19%"
"Feb 06, 2017","20,052.42","20,025.61","20,094.95","20,002.81","281.72M","-0.09%"
"Feb 03, 2017","20,071.46","19,964.21","20,081.48","19,964.21","344.22M","0.94%"
"Feb 02, 2017","19,884.91","19,858.34","19,922.75","19,831.09","347.22M","-0.03%"
"Feb 01, 2017","19,890.94","19,923.81","19,967.73","19,845.99","426.67M","0.14%"
"Jan 31, 2017","19,864.09","19,913.16","19,918.17","19,784.77","373.75M","-0.54%"
"Jan 30, 2017","19,971.13","20,028.62","20,028.62","19,870.39","317.28M","-0.61%"
"Jan 27, 2017","20,093.78","20,103.36","20,115.97","20,072.64","343.13M","-0.04%"
"Jan 26, 2017","20,100.91","20,076.25","20,125.58","20,067.53","356.73M","0.16%"
"Jan 25, 2017","20,068.51","19,994.48","20,082.00","19,994.48","372.24M","0.78%"
"Jan 24, 2017","19,912.71","19,794.68","19,949.24","19,786.71","374.46M","0.57%"
"Jan 23, 2017","19,799.85","19,794.79","19,833.98","19,732.36","326.69M","-0.14%"
"Jan 20, 2017","19,827.25","19,795.06","19,843.94","19,759.14","435.26M","0.48%"
"Jan 19, 2017","19,732.40","19,813.55","19,824.14","19,677.94","301.75M","-0.37%"
"Jan 18, 2017","19,804.72","19,822.73","19,828.20","19,739.00","279.76M","-0.11%"
"Jan 17, 2017","19,826.77","19,848.82","19,882.99","19,775.35","341.90M","-0.30%"
"Jan 13, 2017","19,885.73","19,912.54","19,952.03","19,849.38","263.78M","-0.03%"
"Jan 12, 2017","19,891.00","19,926.21","19,929.29","19,770.47","306.29M","-0.32%"
"Jan 11, 2017","19,954.28","19,887.38","19,973.42","19,833.16","336.15M","0.50%"
"Jan 10, 2017","19,855.53","19,876.35","19,957.12","19,836.03","299.41M","-0.16%"
"Jan 09, 2017","19,887.38","19,931.41","19,943.78","19,887.38","287.50M","-0.38%"
"Jan 06, 2017","19,963.80","19,906.96","19,999.63","19,834.08","277.70M","0.32%"
"Jan 05, 2017","19,899.29","19,924.56","19,948.60","19,811.12","269.92M","-0.21%"
"Jan 04, 2017","19,942.16","19,890.94","19,956.14","19,878.83","280.01M","0.30%"
"Jan 03, 2017","19,881.76","19,872.86","19,938.53","19,775.93","339.18M","0.60%"
"Dec 30, 2016","19,762.60","19,833.17","19,852.55","19,718.67","271.91M","-0.29%"
"Dec 29, 2016","19,819.78","19,835.46","19,878.44","19,788.94","172.04M","-0.07%"
"Dec 28, 2016","19,833.68","19,964.31","19,981.11","19,827.31","188.35M","-0.56%"
"Dec 27, 2016","19,945.04","19,943.46","19,980.24","19,939.80","158.54M","0.06%"
"Dec 23, 2016","19,933.81","19,908.61","19,934.15","19,899.06","158.26M","0.07%"
"Dec 22, 2016","19,918.88","19,922.68","19,933.83","19,882.19","258.29M","-0.12%"
"Dec 21, 2016","19,941.96","19,968.97","19,986.56","19,941.96","256.64M","-0.16%"
"Dec 20, 2016","19,974.62","19,920.59","19,987.63","19,920.42","284.08M","0.46%"
"Dec 19, 2016","19,883.06","19,836.66","19,917.78","19,832.95","302.31M","0.20%"
"Dec 16, 2016","19,843.41","19,909.01","19,923.17","19,821.00","573.47M","-0.04%"
"Dec 15, 2016","19,852.24","19,811.50","19,951.29","19,811.50","357.35M","0.30%"
"Dec 14, 2016","19,792.53","19,876.13","19,966.43","19,748.67","408.43M","-0.60%"
"Dec 13, 2016","19,911.21","19,852.21","19,953.75","19,846.45","388.42M","0.58%"
"Dec 12, 2016","19,796.43","19,770.20","19,824.59","19,747.74","333.66M","0.20%"
"Dec 09, 2016","19,756.85","19,631.35","19,757.74","19,623.19","334.47M","0.72%"
"Dec 08, 2016","19,614.81","19,559.94","19,664.97","19,527.83","324.57M","0.33%"
"Dec 07, 2016","19,549.62","19,241.99","19,558.42","19,229.83","385.20M","1.55%"
"Dec 06, 2016","19,251.78","19,219.91","19,255.89","19,184.74","284.96M","0.18%"
"Dec 05, 2016","19,216.24","19,244.35","19,274.85","19,186.73","317.80M","0.24%"
"Dec 02, 2016","19,170.42","19,161.25","19,196.14","19,141.18","84.92M","-0.11%"
"Dec 01, 2016","19,191.93","19,149.20","19,214.30","19,138.79","108.80M","0.36%"
"Nov 30, 2016","19,123.58","19,135.64","19,225.29","19,123.38","164.57M","0.01%"
"Nov 29, 2016","19,121.60","19,064.07","19,144.40","19,062.22","81.51M","0.12%"
"Nov 28, 2016","19,097.90","19,122.14","19,138.72","19,072.25","88.46M","-0.28%"
"Nov 25, 2016","19,152.14","19,093.72","19,152.14","19,093.72","45.89M","0.36%"
"Nov 23, 2016","19,083.18","19,015.52","19,083.76","19,000.38","77.88M","0.31%"
"Nov 22, 2016","19,023.87","18,970.39","19,043.90","18,962.82","85.31M","0.35%"
"Nov 21, 2016","18,956.69","18,898.68","18,960.76","18,883.10","80.52M","0.47%"
"Nov 18, 2016","18,867.93","18,905.33","18,915.74","18,853.83","109.88M","-0.19%"
"Nov 17, 2016","18,903.82","18,866.22","18,904.03","18,845.27","89.94M","0.19%"
"Nov 16, 2016","18,868.14","18,909.85","18,909.85","18,825.89","87.32M","-0.29%"
"Nov 15, 2016","18,923.06","18,858.21","18,925.26","18,806.06","100.66M","0.29%"
"Nov 14, 2016","18,868.69","18,876.77","18,934.05","18,815.75","112.25M","0.11%"
"Nov 11, 2016","18,847.66","18,781.65","18,855.78","18,736.96","107.30M","0.21%"
"Nov 10, 2016","18,807.88","18,603.14","18,873.66","18,603.14","164.39M","1.17%"
"Nov 09, 2016","18,589.69","18,317.26","18,650.06","18,252.55","173.11M","1.40%"
"Nov 08, 2016","18,332.74","18,251.38","18,400.50","18,200.75","79.82M","0.40%"
"Nov 07, 2016","18,259.60","17,994.64","18,263.30","17,994.64","93.45M","2.08%"
"Nov 04, 2016","17,888.28","17,928.35","17,986.76","17,883.56","97.76M","-0.24%"
"Nov 03, 2016","17,930.67","17,978.75","18,006.96","17,904.07","77.86M","-0.16%"
"Nov 02, 2016","17,959.64","18,017.72","18,044.15","17,931.89","88.61M","-0.43%"
"Nov 01, 2016","18,037.10","18,158.24","18,177.01","17,940.84","101.28M","-0.58%"
"Oct 31, 2016","18,142.42","18,176.60","18,193.68","18,130.58","110.08M","-0.10%"
"Oct 28, 2016","18,161.19","18,193.79","18,257.06","18,094.97","107.85M","-0.05%"
"Oct 27, 2016","18,169.68","18,234.81","18,253.20","18,149.20","83.53M","-0.16%"
"Oct 26, 2016","18,199.33","18,103.80","18,236.04","18,062.30","86.34M","0.17%"
"Oct 25, 2016","18,169.27","18,206.52","18,241.69","18,151.70","83.19M","-0.30%"
"Oct 24, 2016","18,223.03","18,197.14","18,275.04","18,191.18","88.55M","0.43%"
"Oct 21, 2016","18,145.71","18,152.63","18,168.76","18,049.77","117.82M","-0.09%"
"Oct 20, 2016","18,162.35","18,161.87","18,249.05","18,129.07","88.83M","-0.22%"
"Oct 19, 2016","18,202.62","18,178.21","18,252.20","18,169.25","88.04M","0.22%"
"Oct 18, 2016","18,161.94","18,145.06","18,225.80","18,129.45","74.80M","0.42%"
"Oct 17, 2016","18,086.40","18,135.85","18,162.28","18,063.02","75.96M","-0.29%"
"Oct 14, 2016","18,138.38","18,177.35","18,261.11","18,138.38","87.05M","0.22%"
"Oct 13, 2016","18,098.94","18,088.32","18,137.70","17,959.95","83.16M","-0.25%"
"Oct 12, 2016","18,144.20","18,132.63","18,193.96","18,082.09","72.23M","0.09%"
"Oct 11, 2016","18,128.66","18,308.43","18,312.33","18,061.96","88.61M","-1.09%"
"Oct 10, 2016","18,329.04","18,282.95","18,399.96","18,282.95","72.11M","0.49%"
"Oct 07, 2016","18,240.49","18,295.35","18,319.73","18,149.35","82.68M","-0.15%"
"Oct 06, 2016","18,268.50","18,280.42","18,288.12","18,162.97","78.66M","-0.07%"
"Oct 05, 2016","18,281.03","18,205.50","18,315.82","18,205.50","76.19M","0.62%"
"Oct 04, 2016","18,168.45","18,267.68","18,313.77","18,116.26","79.71M","-0.47%"
"Oct 03, 2016","18,253.85","18,279.60","18,279.80","18,203.75","68.52M","-0.30%"
"Sep 30, 2016","18,308.15","18,181.80","18,369.62","18,181.80","135.47M","0.91%"
"Sep 29, 2016","18,143.45","18,322.88","18,366.23","18,091.64","95.88M","-1.07%"
"Sep 28, 2016","18,339.24","18,240.22","18,349.86","18,179.34","97.65M","0.61%"
"Sep 27, 2016","18,228.30","18,099.21","18,238.10","18,052.16","84.13M","0.74%"
"Sep 26, 2016","18,094.83","18,217.76","18,217.76","18,083.32","95.51M","-0.91%"
"Sep 23, 2016","18,261.45","18,377.36","18,383.76","18,254.84","87.18M","-0.71%"
"Sep 22, 2016","18,392.46","18,343.76","18,449.88","18,343.76","73.03M","0.54%"
"Sep 21, 2016","18,293.70","18,164.96","18,307.43","18,121.57","94.10M","0.90%"
"Sep 20, 2016","18,129.96","18,175.36","18,227.21","18,128.80","72.46M","0.05%"
"Sep 19, 2016","18,120.17","18,154.82","18,254.88","18,093.05","78.09M","-0.02%"
"Sep 16, 2016","18,123.80","18,217.21","18,217.21","18,070.21","278.54M","-0.49%"
"Sep 15, 2016","18,212.48","18,024.91","18,250.11","18,015.49","99.56M","0.99%"
"Sep 14, 2016","18,034.77","18,073.39","18,163.48","17,992.21","103.36M","-0.18%"
"Sep 13, 2016","18,066.75","18,262.99","18,262.99","18,028.06","102.83M","-1.41%"
"Sep 12, 2016","18,325.07","18,028.95","18,358.69","17,994.84","103.26M","1.32%"
"Sep 09, 2016","18,085.45","18,404.17","18,404.17","18,085.45","120.67M","-2.13%"
"Sep 08, 2016","18,479.91","18,486.69","18,506.24","18,446.69","79.06M","-0.25%"
"Sep 07, 2016","18,526.14","18,527.71","18,536.89","18,474.77","67.57M","-0.06%"
"Sep 06, 2016","18,538.12","18,493.40","18,551.54","18,450.32","83.71M","0.25%"
"Sep 02, 2016","18,491.96","18,466.01","18,544.76","18,439.10","74.35M","0.39%"
"Sep 01, 2016","18,419.30","18,396.57","18,430.05","18,295.48","74.78M","0.10%"
"Aug 31, 2016","18,400.88","18,436.70","18,439.68","18,333.56","98.25M","-0.29%"
"Aug 30, 2016","18,454.30","18,491.28","18,514.29","18,408.52","68.92M","-0.26%"
"Aug 29, 2016","18,502.99","18,421.29","18,523.09","18,419.92","64.48M","0.58%"
"Aug 26, 2016","18,395.40","18,467.92","18,572.09","18,335.34","78.73M","-0.29%"
"Aug 25, 2016","18,448.41","18,471.21","18,497.68","18,431.46","64.48M","-0.18%"
"Aug 24, 2016","18,481.48","18,537.50","18,539.15","18,448.27","72.27M","-0.35%"
"Aug 23, 2016","18,547.30","18,568.94","18,631.60","18,545.52","73.99M","0.10%"
"Aug 22, 2016","18,529.42","18,535.86","18,570.92","18,466.86","73.45M","-0.12%"
"Aug 19, 2016","18,552.57","18,585.17","18,585.17","18,491.24","93.17M","-0.24%"
"Aug 18, 2016","18,597.70","18,566.54","18,600.82","18,533.29","70.74M","0.13%"
"Aug 17, 2016","18,573.94","18,537.09","18,582.35","18,468.68","71.00M","0.12%"
"Aug 16, 2016","18,552.02","18,614.48","18,614.86","18,550.65","67.57M","-0.45%"
"Aug 15, 2016","18,636.05","18,588.59","18,668.44","18,588.59","62.35M","0.32%"
"Aug 12, 2016","18,576.47","18,595.65","18,606.06","18,535.86","61.58M","-0.20%"
"Aug 11, 2016","18,613.52","18,519.08","18,638.34","18,519.08","71.47M","0.64%"
"Aug 10, 2016","18,495.66","18,541.48","18,561.75","18,468.78","62.78M","-0.20%"
"Aug 09, 2016","18,533.05","18,538.05","18,585.32","18,507.75","60.09M","0.02%"
"Aug 08, 2016","18,529.29","18,540.65","18,569.31","18,502.03","71.81M","-0.08%"
"Aug 05, 2016","18,543.53","18,402.80","18,543.53","18,402.80","92.42M","1.04%"
"Aug 04, 2016","18,352.05","18,351.43","18,397.87","18,325.17","64.50M","-0.02%"
"Aug 03, 2016","18,355.00","18,313.08","18,355.00","18,283.23","78.55M","0.23%"
"Aug 02, 2016","18,313.77","18,401.15","18,403.65","18,247.79","89.68M","-0.49%"
"Aug 01, 2016","18,404.51","18,434.50","18,467.03","18,355.75","83.47M","-0.15%"
"Jul 29, 2016","18,432.24","18,442.52","18,466.55","18,371.12","111.55M","-0.13%"
"Jul 28, 2016","18,456.35","18,461.01","18,483.26","18,368.82","85.75M","-0.09%"
"Jul 27, 2016","18,472.17","18,473.27","18,542.39","18,430.94","111.37M","-0.01%"
"Jul 26, 2016","18,473.75","18,497.37","18,522.47","18,387.22","85.37M","-0.10%"
"Jul 25, 2016","18,493.06","18,554.49","18,555.69","18,452.62","76.81M","-0.42%"
"Jul 22, 2016","18,570.85","18,524.15","18,571.30","18,491.59","87.71M","0.29%"
"Jul 21, 2016","18,517.23","18,589.96","18,590.44","18,469.67","86.80M","-0.42%"
"Jul 20, 2016","18,595.03","18,582.70","18,622.01","18,555.65","93.23M","0.19%"
"Jul 19, 2016","18,559.01","18,503.12","18,562.53","18,495.11","85.84M","0.14%"
"Jul 18, 2016","18,533.05","18,521.55","18,556.13","18,489.84","75.54M","0.09%"
"Jul 15, 2016","18,516.55","18,508.88","18,557.43","18,471.62","123.69M","0.05%"
"Jul 14, 2016","18,506.41","18,414.30","18,537.57","18,414.30","87.05M","0.73%"
"Jul 13, 2016","18,372.12","18,356.78","18,390.16","18,315.76","80.92M","0.13%"
"Jul 12, 2016","18,347.67","18,259.12","18,371.95","18,259.12","90.21M","0.66%"
"Jul 11, 2016","18,226.93","18,161.53","18,283.90","18,161.53","80.88M","0.44%"
"Jul 08, 2016","18,146.74","17,971.22","18,166.77","17,971.22","93.46M","1.40%"
"Jul 07, 2016","17,895.88","17,924.24","17,984.95","17,816.65","81.58M","-0.13%"
"Jul 06, 2016","17,918.62","17,807.47","17,926.91","17,713.45","93.00M","0.44%"
"Jul 05, 2016","17,840.62","17,904.45","17,904.45","17,785.28","103.67M","-0.61%"
"Jul 01, 2016","17,949.37","17,924.24","18,002.38","17,916.91","82.16M","0.11%"
"Jun 30, 2016","17,929.99","17,712.76","17,930.61","17,711.80","133.03M","1.33%"
"Jun 29, 2016","17,694.68","17,456.02","17,704.51","17,456.02","106.38M","1.64%"
"Jun 28, 2016","17,409.72","17,190.51","17,409.72","17,190.51","112.19M","1.57%"
"Jun 27, 2016","17,140.24","17,355.21","17,355.21","17,063.08","138.74M","-1.50%"
"Jun 24, 2016","17,400.75","17,946.63","17,946.63","17,356.34","239.00M","-3.39%"
"Jun 23, 2016","18,011.07","17,844.11","18,011.07","17,844.11","98.11M","1.29%"
"Jun 22, 2016","17,780.83","17,832.67","17,920.16","17,770.36","89.44M","-0.27%"
"Jun 21, 2016","17,829.73","17,827.33","17,877.84","17,799.80","85.14M","0.14%"
"Jun 20, 2016","17,804.87","17,736.87","17,946.36","17,736.87","99.38M","0.73%"
"Jun 17, 2016","17,675.16","17,733.44","17,733.44","17,602.78","248.68M","-0.33%"
"Jun 16, 2016","17,733.10","17,602.23","17,754.91","17,471.29","91.95M","0.53%"
"Jun 15, 2016","17,640.17","17,703.65","17,762.96","17,629.01","94.13M","-0.20%"
"Jun 14, 2016","17,674.82","17,710.77","17,733.92","17,595.79","93.74M","-0.33%"
"Jun 13, 2016","17,732.48","17,830.50","17,893.28","17,731.35","101.69M","-0.74%"
"Jun 10, 2016","17,865.34","17,938.82","17,938.82","17,812.34","90.54M","-0.67%"
"Jun 09, 2016","17,985.19","17,969.98","18,005.22","17,915.88","69.69M","-0.11%"
"Jun 08, 2016","18,005.05","17,931.91","18,016.00","17,931.91","71.26M","0.37%"
"Jun 07, 2016","17,938.28","17,936.22","18,003.23","17,936.22","78.75M","0.10%"
"Jun 06, 2016","17,920.33","17,825.69","17,949.68","17,822.81","71.87M","0.64%"
"Jun 03, 2016","17,807.06","17,799.80","17,833.17","17,689.68","82.28M","-0.18%"
"Jun 02, 2016","17,838.56","17,789.05","17,838.56","17,703.55","75.56M","0.27%"
"Jun 01, 2016","17,789.67","17,754.55","17,809.18","17,664.79","78.53M","0.01%"
"May 31, 2016","17,787.20","17,891.50","17,899.24","17,724.03","147.39M","-0.48%"
"May 27, 2016","17,873.22","17,826.85","17,873.22","17,824.73","73.19M","0.25%"
"May 26, 2016","17,828.29","17,859.52","17,888.66","17,803.82","68.94M","-0.13%"
"May 25, 2016","17,851.51","17,735.09","17,891.71","17,735.09","79.18M","0.82%"
"May 24, 2016","17,706.05","17,525.19","17,742.59","17,525.19","86.48M","1.22%"
"May 23, 2016","17,492.93","17,507.04","17,550.70","17,480.05","87.79M","-0.05%"
"May 20, 2016","17,500.94","17,437.32","17,571.75","17,437.32","112.00M","0.38%"
"May 19, 2016","17,435.40","17,514.16","17,514.16","17,331.07","95.53M","-0.52%"
"May 18, 2016","17,526.62","17,501.28","17,636.22","17,418.21","79.12M","-0.02%"
"May 17, 2016","17,529.98","17,701.46","17,701.46","17,469.92","103.26M","-1.02%"
"May 16, 2016","17,710.71","17,531.76","17,755.80","17,531.76","88.44M","1.00%"
"May 13, 2016","17,535.32","17,711.12","17,734.74","17,512.48","86.65M","-1.05%"
"May 12, 2016","17,720.50","17,722.01","17,798.19","17,625.38","88.57M","0.05%"
"May 11, 2016","17,711.12","17,919.03","17,919.03","17,711.05","87.39M","-1.21%"
"May 10, 2016","17,928.35","17,726.66","17,934.61","17,726.66","75.79M","1.26%"
"May 09, 2016","17,705.91","17,743.85","17,783.16","17,668.38","85.59M","-0.20%"
"May 06, 2016","17,740.63","17,650.30","17,744.54","17,580.38","80.02M","0.45%"
"May 05, 2016","17,660.71","17,664.48","17,736.11","17,615.82","81.53M","0.05%"
"May 04, 2016","17,651.26","17,735.02","17,738.06","17,609.01","95.02M","-0.56%"
"May 03, 2016","17,750.91","17,870.75","17,870.75","17,670.88","97.07M","-0.78%"
"May 02, 2016","17,891.16","17,783.78","17,912.35","17,773.71","80.10M","0.66%"
"Apr 29, 2016","17,773.64","17,813.09","17,814.83","17,651.98","136.67M","-0.32%"
"Apr 28, 2016","17,830.76","18,023.88","18,035.73","17,796.55","100.92M","-1.17%"
"Apr 27, 2016","18,041.55","17,996.14","18,084.66","17,920.26","109.09M","0.28%"
"Apr 26, 2016","17,990.32","17,987.38","18,043.77","17,934.17","92.57M","0.07%"
"Apr 25, 2016","17,977.24","17,990.94","17,990.94","17,855.55","83.77M","-0.15%"
"Apr 22, 2016","18,003.75","17,985.05","18,026.85","17,909.89","134.12M","0.12%"
"Apr 21, 2016","17,982.52","18,092.84","18,107.29","17,963.89","102.72M","-0.63%"
"Apr 20, 2016","18,096.27","18,059.49","18,167.63","18,031.21","100.21M","0.24%"
"Apr 19, 2016","18,053.60","18,012.10","18,103.46","17,984.43","89.82M","0.27%"
"Apr 18, 2016","18,004.16","17,890.20","18,009.53","17,848.22","89.39M","0.60%"
"Apr 15, 2016","17,897.46","17,925.95","17,937.65","17,867.41","118.16M","-0.16%"
"Apr 14, 2016","17,926.43","17,912.25","17,962.14","17,885.44","84.51M","0.10%"
"Apr 13, 2016","17,908.28","17,741.66","17,918.35","17,741.66","91.71M","1.06%"
"Apr 12, 2016","17,721.25","17,571.34","17,744.43","17,553.57","81.02M","0.94%"
"Apr 11, 2016","17,556.41","17,586.48","17,731.63","17,555.90","107.10M","-0.12%"
"Apr 08, 2016","17,576.96","17,555.39","17,694.51","17,528.16","79.99M","0.20%"
"Apr 07, 2016","17,541.96","17,687.28","17,687.28","17,484.23","90.12M","-0.98%"
"Apr 06, 2016","17,716.05","17,605.45","17,723.55","17,542.54","99.41M","0.64%"
"Apr 05, 2016","17,603.32","17,718.03","17,718.03","17,579.56","115.23M","-0.75%"
"Apr 04, 2016","17,737.00","17,799.39","17,806.38","17,710.67","85.23M","-0.31%"
"Apr 01, 2016","17,792.75","17,661.74","17,811.48","17,568.02","104.89M","0.61%"
"Mar 31, 2016","17,685.09","17,716.05","17,755.70","17,669.72","102.60M","-0.18%"
"Mar 30, 2016","17,716.66","17,652.36","17,790.11","17,652.36","79.33M","0.47%"
"Mar 29, 2016","17,633.11","17,512.58","17,642.81","17,434.27","86.16M","0.56%"
"Mar 28, 2016","17,535.39","17,526.08","17,583.81","17,493.03","70.46M","0.11%"
"Mar 24, 2016","17,515.73","17,485.33","17,517.14","17,399.01","84.10M","0.08%"
"Mar 23, 2016","17,502.59","17,588.81","17,588.81","17,486.27","84.24M","-0.45%"
"Mar 22, 2016","17,582.57","17,602.71","17,648.94","17,540.42","95.45M","-0.23%"
"Mar 21, 2016","17,623.87","17,589.70","17,644.97","17,551.28","84.41M","0.12%"
"Mar 18, 2016","17,602.30","17,481.49","17,620.58","17,481.49","321.23M","0.69%"
"Mar 17, 2016","17,481.49","17,321.38","17,529.01","17,297.65","117.99M","0.90%"
"Mar 16, 2016","17,325.76","17,249.34","17,379.18","17,204.07","118.71M","0.43%"
"Mar 15, 2016","17,251.53","17,217.15","17,251.70","17,120.35","92.83M","0.13%"
"Mar 14, 2016","17,229.13","17,207.49","17,275.07","17,161.16","96.35M","0.09%"
"Mar 11, 2016","17,213.31","17,014.99","17,220.09","17,014.99","123.43M","1.28%"
"Mar 10, 2016","16,995.13","17,006.05","17,130.11","16,821.86","117.57M","-0.03%"
"Mar 09, 2016","17,000.36","16,969.17","17,048.50","16,947.94","116.69M","0.21%"
"Mar 08, 2016","16,964.10","17,050.67","17,072.79","16,921.51","108.38M","-0.64%"
"Mar 07, 2016","17,073.95","16,991.29","17,099.25","16,940.48","100.29M","0.40%"
"Mar 04, 2016","17,006.77","16,945.00","17,062.38","16,898.84","106.91M","0.37%"
"Mar 03, 2016","16,943.90","16,896.17","16,944.31","16,820.73","91.11M","0.26%"
"Mar 02, 2016","16,899.32","16,851.17","16,900.17","16,766.32","104.47M","0.20%"
"Mar 01, 2016","16,865.08","16,545.67","16,865.56","16,545.67","105.05M","2.11%"
"Feb 29, 2016","16,516.50","16,634.15","16,726.12","16,510.40","126.22M","-0.74%"
"Feb 26, 2016","16,639.97","16,712.70","16,795.98","16,623.91","98.48M","-0.34%"
"Feb 25, 2016","16,697.29","16,504.38","16,697.98","16,458.42","94.12M","1.29%"
"Feb 24, 2016","16,484.99","16,418.84","16,507.39","16,165.86","93.62M","0.32%"
"Feb 23, 2016","16,431.78","16,610.39","16,610.39","16,403.53","98.17M","-1.14%"
"Feb 22, 2016","16,620.66","16,417.13","16,664.24","16,417.13","102.24M","1.40%"
"Feb 19, 2016","16,391.99","16,410.96","16,410.96","16,278.00","134.34M","-0.13%"
"Feb 18, 2016","16,413.43","16,483.76","16,511.84","16,390.43","104.95M","-0.25%"
"Feb 17, 2016","16,453.83","16,217.98","16,486.12","16,217.98","124.09M","1.59%"
"Feb 16, 2016","16,196.41","16,012.39","16,196.41","16,012.39","142.03M","1.39%"
"Feb 12, 2016","15,973.84","15,691.62","15,974.04","15,691.62","132.55M","2.00%"
"Feb 11, 2016","15,660.18","15,897.82","15,897.82","15,503.01","172.07M","-1.60%"
"Feb 10, 2016","15,914.74","16,035.61","16,201.89","15,899.91","122.29M","-0.62%"
"Feb 09, 2016","16,014.38","16,005.41","16,136.62","15,881.11","127.74M","-0.08%"
"Feb 08, 2016","16,027.05","16,147.51","16,147.51","15,803.55","165.88M","-1.10%"
"Feb 05, 2016","16,204.97","16,417.95","16,423.63","16,129.81","139.01M","-1.29%"
"Feb 04, 2016","16,416.58","16,329.67","16,485.84","16,266.16","131.49M","0.49%"
"Feb 03, 2016","16,336.66","16,186.20","16,381.69","15,960.45","141.87M","1.13%"
"Feb 02, 2016","16,153.54","16,420.21","16,420.21","16,108.44","126.21M","-1.80%"
"Feb 01, 2016","16,449.18","16,453.63","16,510.98","16,299.47","114.45M","-0.10%"
"Jan 29, 2016","16,466.30","16,090.26","16,466.30","16,090.26","217.94M","2.47%"
"Jan 28, 2016","16,069.64","15,960.28","16,102.14","15,863.72","130.12M","0.79%"
"Jan 27, 2016","15,944.46","16,168.74","16,235.03","15,878.30","138.35M","-1.38%"
"Jan 26, 2016","16,167.23","15,893.16","16,185.79","15,893.16","118.21M","1.78%"
"Jan 25, 2016","15,885.22","16,086.46","16,086.46","15,880.15","123.25M","-1.29%"
"Jan 22, 2016","16,093.51","15,921.10","16,136.79","15,921.10","145.86M","1.33%"
"Jan 21, 2016","15,882.68","15,768.87","16,038.59","15,704.66","145.14M","0.74%"
"Jan 20, 2016","15,766.74","15,989.45","15,989.45","15,450.56","191.87M","-1.56%"
"Jan 19, 2016","16,016.02","16,009.45","16,171.96","15,900.25","144.36M","0.17%"
"Jan 15, 2016","15,988.08","16,354.33","16,354.33","15,842.11","239.22M","-2.39%"
"Jan 14, 2016","16,379.05","16,159.01","16,482.05","16,075.12","158.82M","1.41%"
"Jan 13, 2016","16,151.41","16,526.63","16,593.51","16,123.20","153.52M","-2.21%"
"Jan 12, 2016","16,516.22","16,419.11","16,591.35","16,322.07","117.48M","0.72%"
"Jan 11, 2016","16,398.57","16,358.71","16,461.85","16,232.03","127.80M","0.32%"
"Jan 08, 2016","16,346.45","16,519.17","16,651.89","16,314.57","141.85M","-1.02%"
"Jan 07, 2016","16,514.10","16,888.36","16,888.36","16,463.63","176.24M","-2.32%"
"Jan 06, 2016","16,906.51","17,154.83","17,154.83","16,817.62","120.25M","-1.47%"
"Jan 05, 2016","17,158.66","17,147.50","17,195.84","17,038.61","105.75M","0.06%"
"Jan 04, 2016","17,148.94","17,405.48","17,405.48","16,957.63","148.06M","-1.58%"
"Dec 31, 2015","17,425.03","17,590.66","17,590.66","17,421.16","93.69M","-1.02%"
"Dec 30, 2015","17,603.87","17,711.94","17,714.13","17,588.87","59.76M","-0.66%"
"Dec 29, 2015","17,720.98","17,547.37","17,750.02","17,547.37","69.86M","1.10%"
"Dec 28, 2015","17,528.27","17,535.66","17,536.90","17,437.34","59.77M","-0.14%"
"Dec 24, 2015","17,552.17","17,593.26","17,606.34","17,543.95","40.35M","-0.29%"
"Dec 23, 2015","17,602.61","17,427.63","17,607.92","17,427.63","92.82M","1.06%"
"Dec 22, 2015","17,417.27","17,253.55","17,451.11","17,242.86","91.57M","0.96%"
"Dec 21, 2015","17,251.62","17,154.94","17,272.36","17,116.73","114.91M","0.72%"
"Dec 18, 2015","17,128.55","17,495.04","17,496.58","17,124.31","344.56M","-2.10%"
"Dec 17, 2015","17,495.84","17,756.54","17,796.76","17,493.50","115.78M","-1.43%"
"Dec 16, 2015","17,749.09","17,530.85","17,784.36","17,483.68","123.79M","1.28%"
"Dec 15, 2015","17,524.91","17,374.78","17,627.63","17,341.18","123.43M","0.90%"
"Dec 14, 2015","17,368.50","17,277.11","17,378.02","17,138.47","142.54M","0.60%"
"Dec 11, 2015","17,265.21","17,574.75","17,574.75","17,230.50","134.51M","-1.76%"
"Dec 10, 2015","17,574.75","17,493.17","17,697.74","17,474.66","107.31M","0.47%"
"Dec 09, 2015","17,492.30","17,558.18","17,767.69","17,403.51","122.02M","-0.43%"
"Dec 08, 2015","17,568.00","17,703.99","17,703.99","17,485.39","113.72M","-0.92%"
"Dec 07, 2015","17,730.51","17,845.49","17,845.49","17,639.25","99.67M","-0.66%"
"Dec 04, 2015","17,847.63","17,482.68","17,866.47","17,482.68","137.65M","2.12%"
"Dec 03, 2015","17,477.67","17,741.57","17,780.59","17,425.56","126.99M","-1.42%"
"Dec 02, 2015","17,729.68","17,883.14","17,901.58","17,708.20","102.86M","-0.89%"
"Dec 01, 2015","17,888.35","17,719.72","17,895.50","17,719.72","103.88M","0.95%"
"Nov 30, 2015","17,719.92","17,802.84","17,837.24","17,719.79","155.56M","-0.44%"
"Nov 27, 2015","17,798.49","17,806.04","17,830.36","17,749.32","46.82M","-0.08%"
"Nov 25, 2015","17,813.39","17,820.81","17,854.92","17,801.83","82.54M","0.01%"
"Nov 24, 2015","17,812.19","17,770.90","17,862.60","17,683.51","127.17M","0.11%"
"Nov 23, 2015","17,792.68","17,823.61","17,868.18","17,751.53","134.68M","-0.17%"
"Nov 20, 2015","17,823.81","17,732.75","17,914.34","17,732.75","153.14M","0.51%"
"Nov 19, 2015","17,732.75","17,739.83","17,772.97","17,681.98","114.63M","-0.02%"
"Nov 18, 2015","17,737.16","17,485.49","17,752.16","17,485.49","106.81M","1.42%"
"Nov 17, 2015","17,489.50","17,486.99","17,599.33","17,451.41","167.19M","0.04%"
"Nov 16, 2015","17,483.01","17,229.94","17,483.01","17,210.43","137.59M","1.38%"
"Nov 13, 2015","17,245.24","17,439.25","17,439.25","17,238.89","134.64M","-1.16%"
"Nov 12, 2015","17,448.07","17,691.93","17,691.93","17,443.50","113.66M","-1.44%"
"Nov 11, 2015","17,702.22","17,769.50","17,807.18","17,696.91","95.23M","-0.32%"
"Nov 10, 2015","17,758.21","17,724.13","17,768.66","17,657.72","108.64M","0.16%"
"Nov 09, 2015","17,730.48","17,900.78","17,900.78","17,667.78","121.21M","-1.00%"
"Nov 06, 2015","17,910.33","17,855.22","17,912.04","17,768.60","107.45M","0.26%"
"Nov 05, 2015","17,863.43","17,871.25","17,929.51","17,779.19","98.91M","-0.02%"
"Nov 04, 2015","17,867.58","17,929.58","17,964.12","17,828.83","99.89M","-0.28%"
"Nov 03, 2015","17,918.15","17,819.74","17,977.85","17,796.02","92.29M","0.50%"
"Nov 02, 2015","17,828.76","17,672.62","17,845.90","17,655.02","100.84M","0.94%"
"Oct 30, 2015","17,663.54","17,756.60","17,799.96","17,662.87","149.25M","-0.52%"
"Oct 29, 2015","17,755.80","17,771.50","17,786.00","17,684.72","90.30M","-0.13%"
"Oct 28, 2015","17,779.52","17,586.69","17,779.95","17,556.71","115.63M","1.13%"
"Oct 27, 2015","17,581.43","17,608.89","17,635.18","17,540.57","115.18M","-0.24%"
"Oct 26, 2015","17,623.05","17,649.57","17,660.70","17,602.51","116.66M","-0.13%"
"Oct 23, 2015","17,646.70","17,525.11","17,679.37","17,525.11","158.09M","0.90%"
"Oct 22, 2015","17,489.16","17,180.88","17,505.18","17,180.88","152.42M","1.87%"
"Oct 21, 2015","17,168.61","17,225.93","17,314.99","17,153.13","107.10M","-0.28%"
"Oct 20, 2015","17,217.11","17,228.47","17,264.88","17,147.99","106.67M","-0.08%"
"Oct 19, 2015","17,230.54","17,209.43","17,235.95","17,129.19","118.43M","0.08%"
"Oct 16, 2015","17,215.97","17,141.75","17,220.02","17,107.35","145.88M","0.43%"
"Oct 15, 2015","17,141.75","16,944.86","17,144.42","16,933.57","122.96M","1.28%"
"Oct 14, 2015","16,924.75","17,079.08","17,111.38","16,887.67","120.11M","-0.92%"
"Oct 13, 2015","17,081.89","17,113.55","17,172.81","17,034.45","99.40M","-0.29%"
"Oct 12, 2015","17,131.86","17,082.29","17,139.21","17,064.58","72.50M","0.28%"
"Oct 09, 2015","17,084.49","17,054.69","17,110.88","17,027.23","103.73M","0.20%"
"Oct 08, 2015","17,050.75","16,904.17","17,081.28","16,859.34","100.73M","0.82%"
"Oct 07, 2015","16,912.29","16,805.42","16,963.30","16,765.00","115.69M","0.73%"
"Oct 06, 2015","16,790.19","16,774.02","16,865.09","16,746.03","120.01M","0.08%"
"Oct 05, 2015","16,776.43","16,502.10","16,798.37","16,502.10","127.66M","1.85%"
"Oct 02, 2015","16,472.37","16,258.25","16,472.77","16,013.66","136.89M","1.23%"
"Oct 01, 2015","16,272.01","16,278.62","16,348.87","16,073.82","111.42M","-0.08%"
"Sep 30, 2015","16,284.70","16,057.08","16,297.60","16,057.08","145.74M","1.47%"
"Sep 29, 2015","16,049.13","16,001.76","16,118.89","15,942.37","121.16M","0.30%"
"Sep 28, 2015","16,001.89","16,313.26","16,313.26","15,981.85","139.93M","-1.92%"
"Sep 25, 2015","16,314.67","16,205.07","16,465.23","16,205.07","130.79M","0.70%"
"Sep 24, 2015","16,201.32","16,257.11","16,257.11","16,016.36","122.22M","-0.48%"
"Sep 23, 2015","16,279.89","16,332.81","16,355.29","16,211.98","86.03M","-0.31%"
"Sep 22, 2015","16,330.47","16,477.45","16,477.45","16,221.73","119.01M","-1.09%"
"Sep 21, 2015","16,510.19","16,406.10","16,578.60","16,391.88","90.73M","0.77%"
"Sep 18, 2015","16,384.58","16,674.74","16,674.74","16,343.76","341.71M","-1.74%"
"Sep 17, 2015","16,674.74","16,738.08","16,933.43","16,639.93","129.60M","-0.39%"
"Sep 16, 2015","16,739.95","16,599.51","16,755.98","16,593.90","99.62M","0.84%"
"Sep 15, 2015","16,599.85","16,382.58","16,644.11","16,382.58","93.05M","1.40%"
"Sep 14, 2015","16,370.96","16,450.86","16,450.86","16,330.87","92.66M","-0.38%"
"Sep 11, 2015","16,433.09","16,330.40","16,434.76","16,244.65","104.63M","0.63%"
"Sep 10, 2015","16,330.40","16,252.57","16,441.94","16,212.08","122.69M","0.47%"
"Sep 09, 2015","16,253.57","16,505.04","16,664.65","16,220.10","118.79M","-1.45%"
"Sep 08, 2015","16,492.68","16,109.93","16,503.41","16,109.93","123.87M","2.42%"
"Sep 04, 2015","16,102.38","16,371.76","16,371.76","16,026.61","127.27M","-1.66%"
"Sep 03, 2015","16,374.76","16,364.34","16,550.07","16,317.31","109.73M","0.14%"
"Sep 02, 2015","16,351.38","16,058.35","16,352.58","16,058.35","133.48M","1.82%"
"Sep 01, 2015","16,058.35","16,528.03","16,528.03","15,979.95","171.39M","-2.84%"
"Aug 31, 2015","16,528.03","16,632.02","16,632.02","16,444.05","141.44M","-0.69%"
"Aug 28, 2015","16,643.01","16,649.42","16,669.97","16,535.18","131.79M","-0.07%"
"Aug 27, 2015","16,654.77","16,285.51","16,666.69","16,285.51","171.98M","2.27%"
"Aug 26, 2015","16,285.51","15,676.26","16,303.75","15,676.26","208.42M","3.95%"
"Aug 25, 2015","15,666.44","15,882.27","16,312.94","15,651.24","213.22M","-1.29%"
"Aug 24, 2015","15,871.35","16,459.75","16,459.75","15,370.33","293.92M","-3.57%"
"Aug 21, 2015","16,459.75","16,990.69","16,990.69","16,459.55","225.17M","-3.12%"
"Aug 20, 2015","16,990.69","17,345.32","17,345.32","16,990.69","128.54M","-2.06%"
"Aug 19, 2015","17,348.73","17,508.74","17,517.19","17,282.42","104.72M","-0.93%"
"Aug 18, 2015","17,511.34","17,537.30","17,568.40","17,486.42","79.90M","-0.19%"
"Aug 17, 2015","17,545.18","17,472.66","17,551.40","17,341.72","73.38M","0.39%"
"Aug 14, 2015","17,477.40","17,410.12","17,492.90","17,394.06","82.12M","0.40%"
"Aug 13, 2015","17,408.25","17,401.64","17,481.78","17,341.34","88.55M","0.03%"
"Aug 12, 2015","17,402.51","17,382.93","17,423.90","17,125.81","120.40M","-0.00%"
"Aug 11, 2015","17,402.84","17,593.59","17,593.59","17,352.63","103.01M","-1.21%"
"Aug 10, 2015","17,615.17","17,375.18","17,629.13","17,375.18","92.43M","1.39%"
"Aug 07, 2015","17,373.38","17,414.94","17,414.94","17,279.08","81.80M","-0.27%"
"Aug 06, 2015","17,419.75","17,542.61","17,572.04","17,362.86","96.17M","-0.69%"
"Aug 05, 2015","17,540.47","17,555.24","17,661.37","17,492.90","102.45M","-0.06%"
"Aug 04, 2015","17,550.69","17,596.93","17,635.78","17,505.50","99.06M","-0.27%"
"Aug 03, 2015","17,598.20","17,696.74","17,704.76","17,496.61","87.88M","-0.52%"
"Jul 31, 2015","17,689.86","17,755.87","17,783.59","17,671.59","106.12M","-0.32%"
"Jul 30, 2015","17,745.98","17,743.24","17,761.25","17,640.85","76.65M","-0.03%"
"Jul 29, 2015","17,751.39","17,631.40","17,776.78","17,629.20","93.14M","0.69%"
"Jul 28, 2015","17,630.27","17,449.81","17,650.07","17,449.81","103.45M","1.09%"
"Jul 27, 2015","17,440.59","17,561.78","17,561.78","17,399.17","117.86M","-0.73%"
"Jul 24, 2015","17,568.53","17,731.05","17,756.54","17,553.73","103.47M","-0.92%"
"Jul 23, 2015","17,731.92","17,853.78","17,860.95","17,705.03","88.60M","-0.67%"
"Jul 22, 2015","17,851.04","17,918.35","17,919.35","17,807.41","112.37M","-0.38%"
"Jul 21, 2015","17,919.29","18,096.67","18,096.67","17,868.34","100.17M","-1.00%"
"Jul 20, 2015","18,100.41","18,085.91","18,137.12","18,064.50","75.06M","0.08%"
"Jul 17, 2015","18,086.45","18,117.58","18,121.12","18,032.06","106.51M","-0.19%"
"Jul 16, 2015","18,120.25","18,078.16","18,131.61","18,065.33","85.03M","0.39%"
"Jul 15, 2015","18,050.17","18,053.38","18,090.39","18,010.15","80.46M","-0.02%"
"Jul 14, 2015","18,053.58","17,974.61","18,072.82","17,956.17","76.74M","0.42%"
"Jul 13, 2015","17,977.68","17,787.27","17,987.57","17,787.27","86.38M","1.22%"
"Jul 10, 2015","17,760.41","17,561.12","17,797.49","17,561.12","85.80M","1.21%"
"Jul 09, 2015","17,548.62","17,530.38","17,764.85","17,530.38","100.52M","0.19%"
"Jul 08, 2015","17,515.42","17,759.01","17,759.01","17,496.22","69.83M","-1.47%"
"Jul 07, 2015","17,776.91","17,684.92","17,793.45","17,465.68","105.84M","0.53%"
"Jul 06, 2015","17,683.58","17,728.08","17,734.36","17,564.36","90.13M","-0.26%"
"Jul 02, 2015","17,730.11","17,763.32","17,825.49","17,687.52","83.10M","-0.16%"
"Jul 01, 2015","17,757.91","17,638.12","17,801.83","17,638.12","87.01M","0.79%"
"Jun 30, 2015","17,619.51","17,599.96","17,714.66","17,576.50","126.46M","0.13%"